<?xml version="1.0" encoding="UTF-8" standalone="yes"?>
<addon id="repository.ntv-mx" name="ntv.mx repository" version="0.0.1" provider-name="ntv.mx">
	<extension point="xbmc.addon.repository" name="ntv.mx repository">
		<dir>
		<info compressed="false">https://raw.githubusercontent.com/ntv-mx/repository.ntv-mx/master/zips/addons.xml</info>
		<checksum>https://raw.githubusercontent.com/ntv-mx/repository.ntv-mx/master/zips/addons.xml.md5</checksum>
		<datadir zip="true">https://raw.githubusercontent.com/ntv-mx/repository.ntv-mx/master/zips/</datadir>
		</dir>
	</extension>
	<extension point="xbmc.addon.metadata">
		<summary lang="en">Install the ntv.mx addon</summary>
		<description lang="en">visit ntv.mx for more information</description>
		<genre>movies</genre>
	</extension>
</addon>